Timestep,Mean Reward,Std Reward,Best Model Saved
100000,6.7347904,3.978324135578779,True
200000,3.8658752,3.2300862291741006,False
300000,8.3,3.1320919526731648,True
400000,3.5789611999999997,3.258336709910159,False
500000,4.9120156,4.05530198949048,False
600000,3.5087783999999997,3.5032324846099265,False
700000,3.3667658000000005,3.4689844045758638,False
800000,8.45,3.60347054934545,True
900000,7.3,3.883941297187691,False
1000000,7.881357800000001,3.182573139219798,False
