Timestep,Mean Reward,Std Reward,Best Model Saved
100000,6.4,4.509988913511872,True
200000,1.1519634,0.5117748605172396,False
300000,6.6840572,4.618808422193993,True
400000,6.715875199999999,4.1418632048753325,True
500000,4.9,4.484974916317816,False
600000,7.127718799999999,4.2867827338658255,True
700000,5.1274904,4.035768676270809,False
800000,6.307958,3.6800734393563395,False
900000,7.8669858,3.270678664058357,True
1000000,3.4929834,3.5364652044926217,False
