Timestep,Mean Reward,Std Reward,Best Model Saved
100000,8.55,2.3947860029656094,True
200000,8.95,2.7267196408871963,True
300000,6.75,4.714339826529267,False
400000,4.765916,4.762524884577927,False
500000,4.750878999999999,4.542435609593866,False
600000,5.515868,3.951843960752499,False
700000,6.45,3.490701935141412,False
800000,7.05,4.023058537978288,False
900000,7.4656708,3.93026565347262,False
1000000,4.3,3.009983388658482,False
